,0,1,2,3,4,5
0,davincis22,meoffendes21,mexa3t18_aggress,misogyny_centrogeo,metwo22,
1,davincis22,exist21,metwo22,,,
2,detoxis21_aggressiveness,exist21,meoffendes21,misogyny_centrogeo,,
3,davincis22,detoxis21_aggressiveness,haha21,meoffendes21,misogyny_centrogeo,metwo22
4,exist21,haha21,meoffendes21,misogyny_centrogeo,,
5,davincis22,meoffendes21,mexa3t18_aggress,misogyny_centrogeo,,
6,davincis22,detoxis21_aggressiveness,misogyny_centrogeo,metwo22,,
7,detoxis21_aggressiveness,meoffendes21,misogyny_centrogeo,,,
8,davincis22,exist21,haha21,mexa3t18_aggress,,
9,davincis22,exist21,meoffendes21,mexa3t18_aggress,metwo22,
10,davincis22,detoxis21_aggressiveness,haha21,meoffendes21,mexa3t18_aggress,
11,exist21,meoffendes21,misogyny_centrogeo,metwo22,,
12,davincis22,metwo22,,,,
13,detoxis21_aggressiveness,meoffendes21,mexa3t18_aggress,metwo22,,
14,davincis22,detoxis21_aggressiveness,meoffendes21,metwo22,,
15,davincis22,detoxis21_aggressiveness,haha21,mexa3t18_aggress,misogyny_centrogeo,
16,davincis22,meoffendes21,misogyny_centrogeo,,,
17,detoxis21_aggressiveness,meoffendes21,mexa3t18_aggress,,,
18,haha21,meoffendes21,misogyny_centrogeo,metwo22,,
19,exist21,meoffendes21,mexa3t18_aggress,,,
20,davincis22,detoxis21_aggressiveness,exist21,mexa3t18_aggress,,
21,meoffendes21,mexa3t18_aggress,metwo22,,,
22,davincis22,detoxis21_aggressiveness,haha21,meoffendes21,,
23,detoxis21_aggressiveness,exist21,misogyny_centrogeo,metwo22,,
24,davincis22,detoxis21_aggressiveness,meoffendes21,mexa3t18_aggress,metwo22,
25,exist21,haha21,meoffendes21,metwo22,,
26,exist21,haha21,meoffendes21,,,
27,davincis22,detoxis21_aggressiveness,exist21,meoffendes21,misogyny_centrogeo,metwo22
28,exist21,misogyny_centrogeo,metwo22,,,
29,detoxis21_aggressiveness,haha21,meoffendes21,mexa3t18_aggress,misogyny_centrogeo,metwo22
30,detoxis21_aggressiveness,exist21,haha21,meoffendes21,mexa3t18_aggress,
31,davincis22,detoxis21_aggressiveness,meoffendes21,misogyny_centrogeo,metwo22,
32,davincis22,exist21,misogyny_centrogeo,metwo22,,
33,detoxis21_aggressiveness,exist21,meoffendes21,metwo22,,
34,davincis22,exist21,meoffendes21,misogyny_centrogeo,metwo22,
35,haha21,meoffendes21,,,,
36,meoffendes21,mexa3t18_aggress,misogyny_centrogeo,metwo22,,
37,detoxis21_aggressiveness,exist21,meoffendes21,mexa3t18_aggress,misogyny_centrogeo,
38,exist21,misogyny_centrogeo,,,,
39,davincis22,exist21,haha21,meoffendes21,misogyny_centrogeo,metwo22
40,haha21,misogyny_centrogeo,metwo22,,,
41,detoxis21_aggressiveness,exist21,haha21,meoffendes21,,
42,davincis22,detoxis21_aggressiveness,haha21,meoffendes21,mexa3t18_aggress,misogyny_centrogeo
43,detoxis21_aggressiveness,haha21,mexa3t18_aggress,misogyny_centrogeo,,
44,davincis22,detoxis21_aggressiveness,exist21,haha21,misogyny_centrogeo,metwo22
45,davincis22,detoxis21_aggressiveness,exist21,metwo22,,
46,detoxis21_aggressiveness,exist21,haha21,mexa3t18_aggress,,
47,detoxis21_aggressiveness,exist21,mexa3t18_aggress,misogyny_centrogeo,metwo22,
48,davincis22,detoxis21_aggressiveness,exist21,meoffendes21,misogyny_centrogeo,
49,davincis22,detoxis21_aggressiveness,exist21,mexa3t18_aggress,misogyny_centrogeo,
50,mexa3t18_aggress,metwo22,,,,
51,detoxis21_aggressiveness,exist21,meoffendes21,mexa3t18_aggress,,
52,davincis22,detoxis21_aggressiveness,exist21,,,
53,davincis22,,,,,
54,detoxis21_aggressiveness,,,,,
55,exist21,,,,,
56,haha21,,,,,
57,meoffendes21,,,,,
58,mexa3t18_aggress,,,,,
59,misogyny_centrogeo,,,,,
60,metwo22,,,,,
61,,,,,,
